description,correct,predicted,pr
"The only difference between easy and hard versions is constraints.

Now elections are held in Berland and you want to win them. More precisely, you want everyone to vote for you.

There are $n$ voters, and two ways to convince each of them to vote for you. The first way to convince the $i$-th voter is to pay him $p_i$ coins. The second way is to make $m_i$ other voters vote for you, and the $i$-th voter will vote for free.

Moreover, the process of such voting takes place in several steps. For example, if there are five voters with $m_1 = 1$, $m_2 = 2$, $m_3 = 2$, $m_4 = 4$, $m_5 = 5$, then you can buy the vote of the fifth voter, and eventually everyone will vote for you. Set of people voting for you will change as follows: ${5} \rightarrow {1, 5} \rightarrow {1, 2, 3, 5} \rightarrow {1, 2, 3, 4, 5}$.

Calculate the minimum number of coins you have to spend so that everyone votes for you.


-----Input-----

The first line contains one integer $t$ ($1 \le t \le 2 \cdot 10^5$) — the number of test cases.

The first line of each test case contains one integer $n$ ($1 \le n \le 2 \cdot 10^5$) — the number of voters.

The next $n$ lines contains the description of voters. $i$-th line contains two integers $m_i$ and $p_i$ ($1 \le p_i \le 10^9, 0 \le m_i < n$).

It is guaranteed that the sum of all $n$ over all test cases does not exceed $2 \cdot 10^5$.


-----Output-----

For each test case print one integer — the minimum number of coins you have to spend so that everyone votes for you.


-----Example-----
Input
3
3
1 5
2 10
2 8
7
0 1
3 1
1 1
6 1
1 1
4 1
4 1
6
2 6
2 3
2 8
2 7
4 4
5 5

Output
8
0
7



-----Note-----

In the first test case you have to buy vote of the third voter. Then the set of people voting for you will change as follows: ${3} \rightarrow {1, 3} \rightarrow {1, 2, 3}$.

In the second example you don't need to buy votes. The set of people voting for you will change as follows: ${1} \rightarrow {1, 3, 5} \rightarrow {1, 2, 3, 5} \rightarrow {1, 2, 3, 5, 6, 7} \rightarrow {1, 2, 3, 4, 5, 6, 7}$.

In the third test case you have to buy votes of the second and the fifth voters. Then the set of people voting for you will change as follows: ${2, 5} \rightarrow {1, 2, 3, 4, 5} \rightarrow {1, 2, 3, 4, 5, 6}$.","[""import sys\ndef I():\n    return sys.stdin.readline().rstrip()\n\nclass Heap:\n    def __init__( self ):\n        self.l = [ -1 ]\n        self.n = 0\n    def n( self ):\n        return self.n\n    def top( self ):\n        return self.l[ 1 ]\n    def ins( self, x ):\n        self.l.append( x )\n        n = len( self.l ) - 1\n        i = n\n        while i > 1:\n            j = i // 2\n            if self.l[ j ] > self.l[ i ]:\n                self.l[ j ], self.l[ i ] = self.l[ i ], self.l[ j ]\n                i = j\n            else:\n                break\n    def pop( self ):\n        r = self.l[ 1 ]\n        l = self.l.pop()\n        n = len( self.l ) - 1\n        if n:\n            self.l[ 1 ] = l\n            i = 1\n            while True:\n                j = i * 2\n                k = j + 1\n                if k < len( self.l ) and self.l[ i ] > max( self.l[ j ], self.l[ k ] ):\n                    if self.l[ j ] == min( self.l[ j ], self.l[ k ] ):\n                        self.l[ i ], self.l[ j ] = self.l[ j ], self.l[ i ]\n                        i = j\n                    else:\n                        self.l[ i ], self.l[ k ] = self.l[ k ], self.l[ i ]\n                        i = k\n                elif k < len( self.l ) and self.l[ i ] > self.l[ k ]:\n                    self.l[ i ], self.l[ k ] = self.l[ k ], self.l[ i ]\n                    i = k\n                elif j < len( self.l ) and self.l[ i ] > self.l[ j ]:\n                    self.l[ i ], self.l[ j ] = self.l[ j ], self.l[ i ]\n                    i = j\n                else:\n                    break\n        return r\n\nt = int( I() )\nfor _ in range( t ):\n    n = int( I() )\n    voter = [ list( map( int, I().split() ) ) for _ in range( n ) ]\n    h = Heap()\n    d = {}\n    for m, p in voter:\n        if m not in d:\n            d[ m ] = []\n        d[ m ].append( p )\n    need = {}\n    c = 0\n    sk = sorted( d.keys() )\n    for m in sk:\n        need[ m ] = max( 0, m - c )\n        c += len( d[ m ] )\n    c = 0\n    ans = 0\n    for m in sk[::-1]:\n        for p in d[ m ]:\n            h.ins( p )\n        while c < need[ m ]:\n            c += 1\n            ans += h.pop()\n    print( ans )\n"", ""import heapq\nimport sys\ninput = sys.stdin.readline\n\n\nt = int(input())\nfor _ in range(t):\n    n = int(input())\n    info = [list(map(int, input().split())) for i in range(n)]\n    info = sorted(info)\n    cnt = [0] * n\n    for i in range(n):\n        ind = info[i][0]\n        cnt[ind] += 1\n    ruiseki_cnt = [0] * (n+1)\n    for i in range(n):\n        ruiseki_cnt[i+1] = ruiseki_cnt[i] + cnt[i]\n    # print(cnt)\n    # print(ruiseki_cnt)\n    need = [0] * n\n    for i in range(1,n):\n        if cnt[i] != 0 and i > ruiseki_cnt[i]:\n            need[i] = min(i - ruiseki_cnt[i], i)\n    # print(need)\n    info = sorted(info, reverse = True)\n    #print(info)\n\n    num = n - 1\n    pos = 0\n    q = []\n    used_cnt = 0\n    ans = 0\n    while True:\n        if num == -1:\n            break\n        while True:\n            if pos < n and info[pos][0] >= num:\n                heapq.heappush(q, info[pos][1])\n                pos += 1\n            else:\n                break\n        if need[num] - used_cnt > 0:\n            tmp = need[num] - used_cnt\n            for _ in range(tmp):\n                ans += heapq.heappop(q)\n            used_cnt += tmp\n        num -= 1\n    print(ans)"", ""import sys\ninput = sys.stdin.readline\n\nimport heapq\nfrom itertools import accumulate\n\nt=int(input())\n\nfor test in range(t):\n    n=int(input())\n    M=[[] for i in range(n)]\n    MCOUNT=[0]*(n)\n\n    for i in range(n):\n        m,p=list(map(int,input().split()))\n        M[m].append(p)\n        MCOUNT[m]+=1\n\n    #print(M)\n    #print(MCOUNT)\n\n    ACC=list(accumulate(MCOUNT))\n\n    #print(ACC)\n    HQ=[]\n    ANS=0\n    use=0\n\n    for i in range(n-1,-1,-1):\n        for j in M[i]:\n            heapq.heappush(HQ,j)\n\n        #print(HQ)\n            \n        while ACC[i-1]+use<i:\n            x=heapq.heappop(HQ)\n            ANS+=x\n            use+=1\n\n\n\n    print(ANS)\n            \n            \n        \n        \n        \n\n    \n\n    \n"", ""import sys\nfrom heapq import heappop, heappush\n\nreader = (line.rstrip() for line in sys.stdin)\ninput = reader.__next__\n \nt = int(input())\nfor _ in range(t):\n    n = int(input())\n    mp = []\n    for i in range(n):\n        mi, pi = list(map(int, input().split()))\n        mp.append((mi, pi))\n    mp.sort()\n    \n    prices = []\n    cost = 0\n    bribed = 0\n    i = n - 1\n    while i >= 0:\n        currM = mp[i][0]\n        heappush(prices, mp[i][1])\n        while i >= 1 and mp[i-1][0] == currM:\n            i -= 1\n            heappush(prices, mp[i][1])\n        already = i + bribed\n        for k in range(max(0, currM - already)):\n            cost += heappop(prices)\n            bribed += 1\n        i -= 1\n    \n    print(cost)\n"", ""import sys\ninput = sys.stdin.readline\nimport heapq as hq\nt = int(input())\nfor _ in range(t):\n  n = int(input())\n  vt = [list(map(int,input().split())) for i in range(n)]\n  vt.sort(reverse=True)\n  q = []\n  hq.heapify(q)\n  ans = 0\n  cnt = 0\n  for i in range(n):\n    hq.heappush(q,vt[i][1])\n    if vt[i][0] >= n-i+cnt:\n      ans += hq.heappop(q)\n      cnt += 1\n  print(ans)"", ""import sys\nimport heapq as hq\n\nreadline = sys.stdin.readline\nread = sys.stdin.read\nns = lambda: readline().rstrip()\nni = lambda: int(readline().rstrip())\nnm = lambda: map(int, readline().split())\nnl = lambda: list(map(int, readline().split()))\nprn = lambda x: print(*x, sep='\\n')\n\ndef solve():\n    n = ni()\n    vot = [tuple(nm()) for _ in range(n)]\n    vot.sort(key = lambda x: (-x[0], x[1]))\n    q = list()\n    c = 0\n    cost = 0\n    for i in range(n):\n        hq.heappush(q, vot[i][1])\n        while n - i - 1 + c < vot[i][0]:\n            cost += hq.heappop(q)\n            c += 1\n    print(cost)\n    return\n\n\n# solve()\n\nT = ni()\nfor _ in range(T):\n    solve()\n"", ""import sys\nimport heapq as hp\n#sys.stdin = open('in', 'r')\nt = int(sys.stdin.readline())\nfor ti in range(t):\n    n = int(sys.stdin.readline())\n    a = [tuple(map(int, sys.stdin.readline().split())) for i in range(n)]\n    a.sort(key = lambda x: (x[0], -x[1]))\n    c = 0\n    h = []\n    res = 0\n    for i in range(n-1,-1,-1):\n        hp.heappush(h, a[i][1])\n        while c + i < a[i][0]:\n            res += hp.heappop(h)\n            c += 1\n    print(res)\n\n\n#sys.stdout.write('YES\\n')\n#sys.stdout.write(f'{res}\\n')\n#sys.stdout.write(f'{y1} {x1} {y2} {x2}\\n')\n"", ""import sys\nfrom heapq import *\n#sys.stdin = open('in', 'r')\nt = int(sys.stdin.readline())\nfor ti in range(t):\n    n = int(sys.stdin.readline())\n    a = [tuple(map(int, sys.stdin.readline().split())) for i in range(n)]\n    a.sort(key = lambda x: (x[0], -x[1]))\n    c = 0\n    h = []\n    res = 0\n    for i in range(n-1,-1,-1):\n        heappush(h, a[i][1])\n        while c + i < a[i][0]:\n            res += heappop(h)\n            c += 1\n    print(res)\n\n\n#sys.stdout.write('YES\\n')\n#sys.stdout.write(f'{res}\\n')\n#sys.stdout.write(f'{y1} {x1} {y2} {x2}\\n')\n""]","[""from heapq import *\nimport sys\ninput=sys.stdin.readline\n\nt=int(input())\nfor tests in range(t):\n    n=int(input())\n    li=[list(map(int,input().split())) for i in range(n)]\n    li.sort()\n    minheap=[]\n    pre=0\n    ans=10**18\n    for i in range(n):\n        ans=min(ans,li[i][1]+pre)\n        pre+=li[i][1]\n        while minheap and i+1==len(minheap):\n            k=-1*heappop(minheap)\n            pre-=li[k][1]\n        heappush(minheap,-1*li[i][0])\n    print(ans)\n"", ""import sys\ninput = sys.stdin.readline\nfrom sortedcontainers import SortedList\n\nfor _ in range(int(input())):\n\tn = int(input())\n\texp = SortedList()\n\tpro = []\n\tfor i in range(n):\n\t\tm, p = map(int, input().split())\n\t\tpro.append((m, p))\n\t\tif m == 0:\n\t\t\texp.append((0, i))\n\texp = SortedList(exp)\n\tans = 10**18\n\tcur = 0\n\tfor i in range(n):\n\t\tans = min(ans, cur + pro[i][1])\n\t\tif i+1 < n:\n\t\t\tm, p = pro[i+1]\n\t\t\tid, _ = exp.pop(0)\n\t\t\tcur += p\n\t\t\tfor tmp in exp.irange((id+1, 0), (n, 0)):\n\t\t\t\texp.remove(tmp)\n\t\t\t\tcur -= tmp[1]\n\t\t\t\tcur += pro[tmp[0]][1]\n\t\t\texp.add((id, pro[id][1]))\n\tprint(ans)"", ""import sys\n\nsys.setrecursionlimit(10**7)\nint1 = 10**6 + 7\nmod = 10**9 + 7\n# mod = 998244353\nusefull = True\ninf = float('inf')\nlambda1 = lambda x : x*x\nbsqrt = lambda x : int(x**0.5)\nspf = [0]*int1\nprimes = []\nline = lambda : list(map(int, input().split()))\nline1 = lambda : list(map(int, input().split()))\narr1 = lambda n : list(map(int, input().split()))\nnarr = lambda n : [int(input()) for i in range(n)]\nmc = lambda : map(int, input().split())\nqi = lambda : list(map(int, input().split()))\nqmi = lambda : list(map(int, input().split()))\nri = lambda : list(map(int, input().split()))\nsi = lambda : input().strip()\n\nclass AVL:\n    def __init__(self):\n        self.dd = {}\n        self.tot = 0\n\n    def insert(self, val):\n        if val not in self.dd:\n            self.dd[val] = [0, None, None]\n            self.tot += 1\n        self.dd[val][0] += 1\n\n    def erase(self, val):\n        if val in self.dd:\n            self.dd[val][0] -= 1\n            if self.dd[val][0] == 0:\n                self.delete(val)\n        \n    def query(self, val):\n        if val in self.dd:\n            return self.dd[val][0]\n        return 0\n\n    def delete(self, val):\n        self.tot -= 1\n        lst = self.dd[val]\n        if lst[1] and lst[2]:\n            c = self.steal(lst[1], lst[2])\n            self.dd[val] = c\n        elif lst[1]:\n            self.dd[val] = self.dd[lst[1]]\n            self.dd.pop(lst[1], None)\n        else:\n            self.dd[val] = self.dd[lst[2]]\n            self.dd.pop(lst[2], None)\n        self.rebalance(val)\n\n    def steal(self, lef, righ):\n        if self.dd[lef][2]:\n            c = self.steal(lef, self.dd[lef][2])\n            self.dd[lef][2] = c\n            return self.dd[lef]\n        else:\n            yz = self.dd[lef]\n            self.dd.pop(lef, None)\n            return yz\n    \n    def getHeight(self, val):\n        if val not in self.dd:\n            return 0\n        return max(self.dd[val][1], self.dd[val][2]) + 1\n    \n    def rebalance(self, val):\n        h = self.getHeight(val)\n        if h == 0:\n            self.dd.pop(val, None)\n            return\n        elif h == 1:\n            self.dd[val][1] = self.dd[val][2] = 0\n        else:\n            self.dd[val][1] = max(self.dd[val][1], self.getHeight(self.dd[val][1]))\n            self.dd[val][2] = max(self.dd[val][2], self.getHeight(self.dd[val][2]))\n            dif = self.dd[val][2] - self.dd[val][1]\n            if dif == 2:\n                if self.getHeight(self.dd[val][2]) < self.getHeight(self.dd[val][1][2]):\n                    self.dd[val][2] = self.rotateRight(self.dd[val][2])\n                self.dd[val] = self.rotateLeft(val)\n            elif dif == -1:\n                self.dd[val][1] = self.rotateRight(self.dd[val][1])\n            self.dd[val][1] = self.getHeight(self.dd[val][1])\n            self.dd[val][2] = self.getHeight(self.dd[val][2])\n\n    def rotateLeft(self, val):\n        yz = self.dd[val][2]\n        self.dd[val][2] = self.dd[yz][1]\n        self.dd[yz][1] = val\n        self.dd[ val ][1] = max(self.dd[val][1], self.dd[val][2]) + 1\n        self.dd[ yz ][1] = max(self.dd[yz][1], self.dd[yz][2]) + 1\n        return yz\n\n    def rotateRight(self, val):\n        yz = self.dd[val][1]\n        self.dd[val][1] = self.dd[yz][2]\n        self.dd[yz][2] = val\n        self.dd[ val ][1] = max(self.dd[val][1], self.dd[val][2]) + 1\n        self.dd[ yz ][1] = max(self.dd[yz][1], self.dd[yz][2]) + 1\n        return yz\n\n    def __str__(self):\n        return self.preorder()\n\n    def preorder(self):\n        abc = []\n        def dfs(val):\n            if val is None:\n                return\n            abc.append(val)\n            dfs(self.dd[val][1])\n            dfs(self.dd[val][2])\n        dfs(0)\n        return abc\n\nfor i in range(int(input())):\n    avl = AVL()\n    n = int(input())\n    vot = []\n    for j in range(n):\n        m, p = list(map(int, input().split()))\n        vot.append((m, p))\n        avl.insert(j)\n    vot.sort()\n    ans = vot[0][1]\n    tot = vot[0][1]\n    id = 0\n    for i in range(1, n):\n        m, p = vot[i]\n        while id < i and avl.tot < m+1:\n            tot -= vot[id][1]\n            avl.erase(id)\n            id += 1\n        ans = min(ans, tot + p)\n    print(ans)"", ""class AVL:\n    def __init__(self):\n        self.root = None\n\n    class Node:\n        def __init__(self, key):\n            self.key = key\n            self.height = 1\n            self.size = 1\n            self.left = None\n            self.right = None\n\n    def insert(self, root, key):\n        if root is None:\n            return self.Node(key)\n        elif key < root.key:\n            root.left = self.insert(root.left, key)\n        else:\n            root.right = self.insert(root.right, key)\n\n        root.height = self.getHeight(root)\n        root.size = self.getSize(root)\n        balance = self.getBalance(root)\n\n        if balance > 1 and key < root.left.key:\n            return self.rightRotate(root)\n        if balance < -1 and key > root.right.key:\n            return self.leftRotate(root)\n        if balance > 1 and key > root.left.key:\n            root.left = self.leftRotate(root.left)\n            return self.rightRotate(root)\n        if balance < -1 and key < root.right.key:\n            root.right = self.rightRotate(root.right)\n            return self.leftRotate(root)\n\n        return root\n\n    def leftRotate(self, z):\n        y = z.right\n        T2 = y.left\n        y.left = z\n        z.right = T2\n        z.height = self.getHeight(z)\n        z.size = self.getSize(z)\n        y.height = self.getHeight(y)\n        y.size = self.getSize(y)\n        return y\n\n    def rightRotate(self, z):\n        y = z.left\n        T3 = y.right\n        y.right = z\n        z.left = T3\n        z.height = self.getHeight(z)\n        z.size = self.getSize(z)\n        y.height = self.getHeight(y)\n        y.size = self.getSize(y)\n        return y\n\n    def getHeight(self, root):\n        if root is None:\n            return 0\n        return root.height\n\n    def getSize(self, root):\n        if root is None:\n            return 0\n        return root.size\n\n    def getBalance(self, root):\n        if root is None:\n            return 0\n        return self.getHeight(root.left) - self.getHeight(root.right)\n\n    def minValueNode(self, root):\n        if root is None or root.left is None:\n            return root\n        return self.minValueNode(root.left)\n\n    def maxValueNode(self, root):\n        if root is None or root.right is None:\n            return root\n        return self.maxValueNode(root.right)\n\n    def delete(self, root, key):\n        if root is None:\n            return root\n        elif key < root.key:\n            root.left = self.delete(root.left, key)\n        elif key > root.key:\n            root.right = self.delete(root.right, key)\n        else:\n            if root.left is None:\n                return root.right\n            elif root.right is None:\n                return root.left\n            temp = self.minValueNode(root.right)\n            root.key = temp.key\n            root.right = self.delete(root.right, temp.key)\n\n        root.height = self.getHeight(root)\n        root.size = self.getSize(root)\n        balance = self.getBalance(root)\n\n        if balance > 1 and self.getBalance(root.left) >= 0:\n            return self.rightRotate(root)\n        if balance < -1 and self.getBalance(root.right) <= 0:\n            return self.leftRotate(root)\n        if balance > 1 and self.getBalance(root.left) < 0:\n            root.left = self.leftRotate(root.left)\n            return self.rightRotate(root)\n        if balance < -1 and self.getBalance(root.right) > 0:\n            root.right = self.rightRotate(root.right)\n            return self.leftRotate(root)\n\n        return root\n    \nimport sys\ninput = sys.stdin.readline\n\nQ = int(input())\nfor _ in range(Q):\n    N = int(input())\n    P = []\n    A = AVL()\n    for i in range(N):\n        M, P1 = map(int, input().split())\n        P.append((M, P1))\n        A = A.insert(A.root, i)\n    P.sort()\n    ans = 1 << 60\n    S = A.size\n    As = A.root\n    cur = 0\n    for i in range(N):\n        if As is not None:\n            M, P1 = P[i]\n            while cur < M and S > 0:\n                S -= 1\n                M2, P2 = P[As.key]\n                cur += 1\n                if M2 > M:\n                    A = A.delete(A.root, As.key)\n                As = A.minValueNode(As.right)\n            ans = min(ans, cur + P1)\n        if cur == N:\n            break\n    print(ans)"", ""import sys\n\nsys.setrecursionlimit(10**6)\nint1 = 10**7\nmod = 10**9 + 7\n# mod = 998244353\ninf = float('inf')\nline = lambda : list(map(int, input().split()))\nline1 = lambda : list(map(int, input().split()))\nnarr = lambda n : [int(input()) for i in range(n)]\nqi = lambda : list(map(int, input().split()))\n\ndef go(m, p, id, vot, st):\n    while st and st[0][0] <= m:\n        k = st[0][1]\n        id = min(id, vot[k][0])\n        heapq.heappop(st)\n    return id, st\n\nfor i in range(int(input())):\n    import heapq\n    n = int(input())\n    vot = []\n    for j in range(n):\n        a, b = line()\n        vot.append((b, a))\n    vot.sort()\n    ans = vot[0][0]\n    id = 10**9\n    st = []\n    heapq.heapify(st)\n    heapq.heappush(st, vot[0])\n    for j in range(1, n):\n        heapq.heappush(st, vot[j])\n        id, st = go(id, vot[j][1], vot[j][0], vot, st)\n        ans = min(ans, id + vot[j][1])\n    print(ans)\n"", ""import sys\nimport math\nfrom collections import defaultdict\nfrom collections import deque\nfrom heapq import heapify,heappop,heappush\ninput = lambda : sys.stdin.readline().rstrip()\nread = lambda : list(map(int,input().split()))\narr = lambda : list(map(int,input().split()))\nwrite = lambda x: sys.stdout.write(str(x) + ' ')\ncompress = lambda x: [d for i,d in enumerate(x) if i]\nINF = float('inf')\nMOD = 10**9+7\n\nni = lambda : int(input())\npr = lambda x: print(*x,sep=\""\\n\"")\n\nsy = lambda x: ' '.join(x)\nse = lambda x:pr(x)\nsp = lambda x: write(x)\nsm = lambda x: write(x)+'\\n'\n\nclass AVL:\n    def __init__(self,root=None):\n        self.root = root\n        self.size = 0\n\n    def getSize(self,node):\n        if node is None:\n            return 0\n        return node.size\n\n    def updateSize(self,node):\n        node.size = self.getSize(node.left) + self.getSize(node.right) + 1\n\n    def getHeight(self,node):\n        if node is None:\n            return 0\n        return node.height\n\n    def updateHeight(self,node):\n        node.height = max(self.getHeight(node.left),self.getHeight(node.right)) + 1\n\n    def getBalanceFactor(self,node):\n        if node is None:\n            return 0\n        return self.getHeight(node.left) - self.getHeight(node.right)\n\n    def leftRotate(self,z):\n        y = z.right\n        t2 = y.left\n        y.left = z\n        z.right = t2\n        self.updateSize(z)\n        self.updateSize(y)\n        return y\n\n    def rightRotate(self,y):\n        z = y.left\n        t3 = z.right\n        z.right = y\n        y.left = t3\n        self.updateSize(y)\n        self.updateSize(z)\n        return z\n\n    def insert(self,node,key):\n        if node is None:\n            self.size += 1\n            return AVL.Node(key)\n        elif key < node.key:\n            node.left = self.insert(node.left,key)\n        else:\n            node.right = self.insert(node.right,key)\n        self.updateSize(node)\n        self.updateHeight(node)\n        balance = self.getBalanceFactor(node)\n        if balance > 1 and key < node.left.key:\n            return self.rightRotate(node)\n        if balance < -1 and key > node.right.key:\n            return self.leftRotate(node)\n        if balance > 1 and key > node.left.key:\n            node.left = self.leftRotate(node.left)\n            return self.rightRotate(node)\n        if balance < -1 and key < node.right.key:\",7
"You have $n$ barrels lined up in a row, numbered from left to right from one. Initially, the $i$-th barrel contains $a_i$ liters of water.

You can pour water from one barrel to another. In one act of pouring, you can choose two different barrels $x$ and $y$ (the $x$-th barrel shouldn't be empty) and pour any possible amount of water from barrel $x$ to barrel $y$ (possibly, all water). You may assume that barrels have infinite capacity, so you can pour any amount of water in each of them. 

Calculate the maximum possible difference between the maximum and the minimum amount of water in the barrels, if you can pour water at most $k$ times.

Some examples:   if you have four barrels, each containing $5$ liters of water, and $k = 1$, you may pour $5$ liters from the second barrel into the fourth, so the amounts of water in the barrels are $[5, 0, 5, 10]$, and the difference between the maximum and the minimum is $10$;  if all barrels are empty, you can't make any operation, so the difference between the maximum and the minimum amount is still $0$. 


-----Input-----

The first line contains one integer $t$ ($1 \le t \le 1000$) — the number of test cases.

The first line of each test case contains two integers $n$ and $k$ ($1 \le k < n \le 2 \cdot 10^5$) — the number of barrels and the number of pourings you can make.

The second line contains $n$ integers $a_1, a_2, \dots, a_n$ ($0 \le a_i \le 10^{9}$), where $a_i$ is the initial amount of water the $i$-th barrel has.

It's guaranteed that the total sum of $n$ over test cases doesn't exceed $2 \cdot 10^5$.


-----Output-----

For each test case, print the maximum possible difference between the maximum and the minimum amount of water in the barrels, if you can pour water at most $k$ times.


-----Example-----
Input
2
4 1
5 5 5 5
3 2
0 0 0

Output
10
0","[""def solve():\n    n, k = map(int,input().split())\n    lst = list(map(int,input().split()))\n    lst.sort()\n    ans = 0\n    for i in range(n - k - 1, n):\n        ans += lst[i]\n    print(ans)\nfor i in range(int(input())):\n    solve()"", ""t=int(input())\nfor i in range(t):\n    n,k=[int(i) for i in input().split()]\n    a=[int(i) for i in input().split()]\n    a.sort(reverse=True)\n    print(sum(a[:k+1]))"", ""# map(int, input().split())\nrw = int(input())\nfor wewq in range(rw):\n    n, k = list(map(int, input().split()))\n    a = list(map(int, input().split()))\n    a.sort()\n    a.reverse()\n    f = 0\n    for i in range(k + 1):\n        f += a[i]\n    print(f)\n"", ""t=int(input())\nfor you in range(t):\n    l=input().split()\n    n=int(l[0])\n    k=int(l[1])\n    l=input().split()\n    li=[int(i) for i in l]\n    if(k==0):\n        print(max(li)-min(li))\n        continue\n    z=0\n    li.sort()\n    li.reverse()\n    for i in range(k+1):\n        z+=li[i]\n    print(z)\n"", ""for _ in range (int(input())):\n    n,k=map(int,input().split())\n    a=list(map(int,input().split()))\n    a.sort(reverse=True)\n    for i in range (1,k+1):\n        a[0]+=a[i]\n        a[i]=0\n    print(a[0]-a[1])"", ""for __ in range(int(input())):\n    n, k = list(map(int, input().split()))\n    ar = list(map(int, input().split()))\n    ar.sort(reverse=True)\n    ans = 0\n    for i in range(min(n, k + 1)):\n        ans += ar[i]\n    print(ans)"", ""import sys, math\nimport io, os\n#data = io.BytesIO(os.read(0,os.fstat(0).st_size)).readline\nfrom bisect import bisect_left as bl, bisect_right as br, insort\nfrom heapq import heapify, heappush, heappop\nfrom collections import defaultdict as dd, deque, Counter\n#from itertools import permutations,combinations\ndef data(): return sys.stdin.readline().strip()\ndef mdata(): return list(map(int, data().split()))\ndef outl(var) : sys.stdout.write('\\n'.join(map(str, var))+'\\n')\ndef out(var) : sys.stdout.write(str(var)+'\\n')\n#from decimal import Decimal\n#from fractions import Fraction\n#sys.setrecursionlimit(100000)\nINF = float('inf')\nmod=10**9+7\n\n\nfor t in range(int(data())):\n    n,k=mdata()\n    a=sorted(mdata(),reverse=True)\n    s=sum(a[:k+1])\n    out(s)\n"", ""import sys\ninput = sys.stdin.readline\n\nt = int(input())\nfor i in range(t):\n    n,k = map(int,input().split())\n    a = list(map(int,input().split()))\n    a.sort()\n    a.reverse()\n    cum = [a[0]]\n    for i in range(n-1):\n        cum.append(cum[i]+a[i+1])\n    cum.append(cum[-1])\n    print(cum[k])"", ""t = int(input())\nfor _ in range(t):\n    #n = int(input())\n    n, k=map(int, input().split())\n    a = list(map(int, input().split()))\n    a.sort()\n    s=0\n    for i in range(k+1):\n        s+=a[n-1-i]\n    print(s)"", ""def main():\n    N, K = list(map(int, input().split()))\n    *A, = list(map(int, input().split()))\n    \n    A.sort()\n    print(A[-1] + sum(A[-K-1:-1]))\n\ndef __starting_point():\n    for __ in [0]*int(input()):\n        main()\n\n__starting_point()"", ""import sys\nimport random\n# import numpy as np\nimport math\nimport copy\nfrom heapq import heappush, heappop, heapify\nfrom functools import cmp_to_key\nfrom bisect import bisect_left, bisect_right\nfrom collections import defaultdict, deque, Counter\n# sys.setrecursionlimit(1000000)\n# input aliases\ninput = sys.stdin.readline\ngetS = lambda: input().strip()\ngetN = lambda: int(input())\ngetList = lambda: list(map(int, input().split()))\ngetZList = lambda: [int(x) - 1 for x in input().split()]\n\nINF = float(\""inf\"")\n\nMOD = 10 ** 9 + 7\ndivide = lambda x: pow(x, MOD-2, MOD)\n\ndef judge(at, ax, ay, bt, bx, by):\n    if abs(at - bt) >= abs(ax - bx) + abs(ay - by):\n        return True\n    else:\n        return False\n\n\ndef solve():\n    n, k = getList()\n    li = getList()\n\n    if k >= n:\n        print(sum(li))\n        return\n\n    li.sort(reverse=True)\n    print(sum(li[:k+1]))\n\n    return\n\ndef main():\n    n = getN()\n    for _ in range(n):\n        solve()\n\n    return\ndef __starting_point():\n    main()\n    # solve()\n\n__starting_point()"", ""from sys import stdin\nt = int(stdin.readline())\nfor _ in range(t):\n    n, k = tuple(int(x) for x in stdin.readline().split())\n    lst = sorted(int(x) for x in stdin.readline().split())\n    print(sum(lst[-k-1:]))\n"", ""t = int(input())\nfor _ in range(t):\n    n,k = [int(x) for x in input().split()]\n    l = [int(x) for x in input().split()]\n    l.sort()\n    l.reverse()\n    print(sum(l[:min(k+1,n)]))"", ""for _ in range(int(input())):\n\tn, k = list(map(int, input().split()))\n\tA = list(map(int, input().split()))\n\n\tA.sort(reverse=True)\n\tif k == 0:\n\t\tprint(max(A) - min(A))\n\telse:\n\t\tprint(A[0] + sum(A[1:k+1]))\n"", ""n = int(input())\n\nfor _ in range(n):\n    n, k = list(map(int, input().split()))\n    arr = list(map(int, input().split()))\n    arr.sort(reverse=True)\n\n    print(sum(arr[:k+1]))\n"", ""\""\""\""T=int(input())\nfor _ in range(0,T):\n    n=int(input())\n    a,b=map(int,input().split())\n    s=input()\n    s=[int(x) for x in input().split()]\n    for i in range(0,len(s)):\n        a,b=map(int,input().split())\""\""\""\n\n\nT=int(input())\nfor _ in range(0,T):\n    n,k=list(map(int,input().split()))\n    s=[int(x) for x in input().split()]\n    s.sort()\n    s=s[::-1]\n    for i in range(1,min(k+1,len(s))):\n        s[0]+=s[i]\n\n    print(s[0])\n"", ""t=int(input())\nwhile t:\n\tt-=1\n\tn,k=list(map(int,input().split()))\n\ta=[int(i) for i in input().split()]\n\ta.sort()\n\tans=0\n\ta.reverse()\n\tfor i in range(k+1):\n\t\tans+=a[i]\n\t\t\n\tprint(ans)\n""]","[""for _ in range(int(input())):\n    n, k = list(map(int, input().split()))\n    nl = list(map(int, input().split()))\n    mx = max(nl)\n    mi = min(nl)\n    nl.remove(mx)\n    nl.sort()\n    pour = 0\n    index = 0\n    while pour < k and index < n - 1:\n        pour += 1\n        mx += nl[index]\n        index += 1\n    print(mx - mi)\n    \n"", ""for _ in range(int(input())):\n    n, k = list(map(int, input().split()))\n    a = list(map(int, input().split()))\n    a.sort()\n    diff = a[-1] - a[0]\n    for i in range(1, k + 1):\n        diff = max(diff, a[-i] - a[0])\n        diff = max(diff, a[-1] - a[i])\n    print(diff)\n"", ""import sys\ninput = sys.stdin.readline\n\nt=int(input())\nfor q in range(t):\n    n,k=list(map(int, input().split()))\n    a=list(map(int, input().split()))\n    a.sort()\n    mini=a[0]\n    maxi=a[-1]\n    pour=a[-1]\n    for i in range(k):\n        pour+=a[i+1]\n    print(pour-mini)\n"", ""def getIntList():\n    return [int(i) for i in input().split()]\n\nt=int(input())\nfor test in range(t):\n    n,k=getIntList()\n    aa=getIntList()\n    for ii in range(k):\n        aa.append(0)\n    aa.sort()\n    ss=sum(aa[-(k+1):])\n    print(ss-aa[0])\n"", ""t = int(input())\nfor i in range(t):\n    n, k = map(int, input().split())\n    a = sorted(list(map(int, input().split())))\n    s = sum(a[-(k + 1):])\n    print(s - a[0])\n"", ""import sys\ninput = sys.stdin.readline\n\nt = int(input())\nfor _ in range(t):\n    n, k = list(map(int, input().split()))\n    a = list(map(int, input().split()))\n    a.sort()\n    diff = a[-1] - a[0]\n    arr = a[:k] + a[n - k :]\n    arr.sort()\n    diff = max(diff, arr[-1] - arr[0])\n    print(diff)\n"", ""from collections import deque\nfrom itertools import combinations, permutations\nimport bisect\nimport sys\ninput = sys.stdin.readline\nfloatinfinity = float('inf')\ninfinity = 10**18\nMOD = 10**9+7\nMAX = 10**6\ntry:\n    MAX2 = sys.maxsize\nexcept:\n    MAX2 = 10**18\nsqrtMAX = 10**3\ncharA = ord('a')\ncharZ = ord('z')\ncharAL = ord('A')\ncharZL = ord('Z')\nYY = 1\nNN = 0\nDD = -1\nYES = 'YES'\nNO = 'NO'\nLINE = ' '\nARRAY = ','\n\n\ndef SieveOfEratosthenes(n):\n    prime = [True for i in range(n)]\n    p = 2\n    while (p * p <= n):\n        if (prime[p] == True):\n            for i in range(p * p, n, p):\n                prime[i] = False\n        p += 1\n    return [p for p in range(2, n) if prime[p]]\n\n\nt = int(input())\nfor _ in range(t):\n    n,k = map(int,input().split())\n    a = list(map(int,input().split()))\n    a.sort()\n    total = sum(a[-k:])\n    print(total-a[0])\n""], ""from collections import deque\nfrom itertools import combinations, permutations\nimport bisect\nimport sys\ninput = sys.stdin.readline\nfloatinfinity = float('inf')\ninfinity = 10**18\nMOD = 10**9+7\nMAX = 10**6\ntry:\n    MAX2 = sys.maxsize\nexcept:\n    MAX2 = 10**18\nsqrtMAX = 10**3\ncharA = ord('a')\ncharZ = ord('z')\ncharAL = ord('A')\ncharZL = ord('Z')\nYY = 1\nNN = 0\nDD = -1\nYES = 'YES'\nNO = 'NO'\nLINE = ' '\nARRAY = ','\n\n\ndef SieveOfEratosthenes(n):\n    prime = [True for i in range(n)]\n    p = 2\n    while (p * p <= n):\n        if (prime[p] == True):\n            for i in range(p * p, n, p):\n                prime[i] = False\n        p += 1\n    return [p for p in range(2, n) if prime[p]]\n\n\nt = int(input())\nfor _ in range(t):\n    n,k = map(int,input().split())\n    a = list(map(int,input().split()))\n    a.sort()\n    total = sum(a[-k:])\n    print(total-a[0])\n"", ""import sys\n\ndef rl(): return sys.stdin.readline().rstrip()\ndef ri(): return int(sys.stdin.readline())\ndef ria(): return list(map(int, sys.stdin.readline().split()))\ndef wp(a, sep=' '):\n    return(sys.stdout.write(sep.join(list(map(str, a))) + '\\n'))\n\nt = ri()\nfor _ in range(t):\n    n, k = ria()\n    w = ria()\n    w.sort()\n    wp([sum(w[-(k + 1):]) - w[0]], '')"", ""from collections import deque\nfrom itertools import combinations, permutations\nimport bisect\nimport sys\ninput = sys.stdin.readline\nfloatinfinity = float('inf')\ninfinity = 10**18\nMOD = 10**9+7\nMAX = 10**6\ntry:\n    MAX2 = sys.maxsize\nexcept:\n    MAX2 = 10**18\nsqrtMAX = 10**3\ncharA = ord('a')\ncharZ = ord('z')\ncharAL = ord('A')\ncharZL = ord('Z')\nYY = 1\nNN = 0\nDD = -1\nYES = 'YES'\nNO = 'NO'\nLINE = ' '\nARRAY = ','\n\n\ndef SieveOfEratosthenes(n):\n    prime = [True for i in range(n)]\n    p = 2\n    while (p * p <= n):\n        if (prime[p] == True):\n            for i in range(p * p, n, p):\n                prime[i] = False\n        p += 1\n    return [p for p in range(2, n) if prime[p]]\n\n\nt = int(input())\nfor _ in range(t):\n    n,k = map(int,input().split())\n    a = list(map(int,input().split()))\n    a.sort()\n    total = sum(a[-k:])\n    print(total-a[0])\n"", ""for _ in range(int(input())):\n    n, k = map(int, input().split())\n    l = list(map(int, input().split()))\n    mi = min(l)\n    l.sort()\n    pour = sum(l[-k:])\n    print(pour - mi)\n"", ""import sys\ninput = sys.stdin.readline\nfor _ in range(int(input())):\n  n,k = map(int,input().split())\n  a = list(map(int,input().split()))\n  s = sum(sorted(a)[-k-1:])\n  print(s - min(a))\n""]",3
"Alice and Bob play a game. They have a binary string $s$ (a string such that each character in it is either $0$ or $1$). Alice moves first, then Bob, then Alice again, and so on.

During their move, the player can choose any number (not less than one) of consecutive equal characters in $s$ and delete them.

For example, if the string is $10110$, there are $6$ possible moves (deleted characters are bold):  $\textbf{1}0110 \to 0110$;  $1\textbf{0}110 \to 1110$;  $10\textbf{1}10 \to 1010$;  $101\textbf{1}0 \to 1010$;  $10\textbf{11}0 \to 100$;  $1011\textbf{0} \to 1011$. 

After the characters are removed, the characters to the left and to the right of the removed block become adjacent. I. e. the following sequence of moves is valid: $10\textbf{11}0 \to 1\textbf{00} \to 1$.

The game ends when the string becomes empty, and the score of each player is the number of $1$-characters deleted by them.

Each player wants to maximize their score. Calculate the resulting score of Alice.


-----Input-----

The first line contains one integer $T$ ($1 \le T \le 500$) — the number of test cases.

Each test case contains exactly one line containing a binary string $s$ ($1 \le |s| \le 100$).


-----Output-----

For each test case, print one integer — the resulting score of Alice (the number of $1$-characters deleted by her).


-----Example-----
Input
5
01111001
0000
111111
101010101
011011110111

Output
4
0
6
3
6



-----Note-----

Questions about the optimal strategy will be ignored.","[""for _ in range(int(input())):\n    s = input()\n    p = [i for i in s.split(\""0\"") if i!=\""\""]\n    p.sort(reverse=True)\n    ans = 0\n    for i in range(0,len(p),2):\n        ans+=len(p[i])\n    print(ans)\n\n"", ""for _ in range(int(input())):\n    s=[len(i)for i in input().split('0')]\n    s.sort()\n    print(sum(s[-1::-2]))"", ""for _ in range(int(input())):\n    s = input()\n    t = [i for i in s.split(\""0\"") if i!=\""\""]\n    t.sort(reverse=True)\n    cnt=0\n    for i in range(0,len(t),2):\n        cnt+=len(t[i])\n    print(cnt)"", ""for _ in range(int(input())):\n    s = input()\n    ar = []\n    cur = 0\n    for c in s:\n        if c == \""1\"":\n            cur += 1\n        else:\n            ar.append(cur)\n            cur = 0\n    if cur != 0:\n        ar.append(cur)\n    ar.sort()\n    ar.reverse()\n    print(sum(ar[::2]))\n"", ""for nt in range(int(input())):\n\ts = input()\n\tn = len(s)\n\tif s[0]==\""1\"":\n\t\tcount = 1\n\telse:\n\t\tcount = 0\n\tgroups = []\n\tfor i in range(1,n):\n\t\tif s[i]==\""1\"":\n\t\t\tcount += 1\n\t\telse:\n\t\t\tif count:\n\t\t\t\tgroups.append(count)\n\t\t\tcount = 0\n\tif count:\n\t\tgroups.append(count)\n\tgroups.sort(reverse=True)\n\tans = 0\n\tfor i in range(0,len(groups),2):\n\t\tans += groups[i]\n\tprint (ans)\n"", ""def solv():\n\ts=list(map(int,input()))\n\tv=[]\n\tsm=0\n\tfor n in s:\n\t\tif n:\n\t\t\tsm+=1\n\t\telse:\n\t\t\tv.append(sm)\n\t\t\tsm=0\n\tif sm:v.append(sm)\n\tv.sort(reverse=True)\n\n\tres=0\n\n\tfor n in range(0,len(v),2):res+=v[n]\n\tprint(res)\n\nfor _ in range(int(input())):solv()"", ""import math\nt=int(input())\nfor w in range(t):\n    s=sorted(input().split('0'),reverse=True)\n    c=0\n    for i in range(0,len(s),2):\n        c+=len(s[i])\n    print(c)"", ""from itertools import groupby\n\nt = int(input())\n\nfor _ in range(t):\n    s = input()\n    l = []\n    for k, v in groupby(s):\n        if k == '1':\n            l.append(len(list(v)))\n    l.sort(reverse=True)\n    n = len(l)\n    res = 0\n    for i in range(0, n, 2):\n        res += l[i]\n    print(res)\n"", ""for _ in range(int(input())):\n    s = input()\n    x = sorted(len(i) for i in s.split('0') if len(i) > 0)\n\n    print(max(sum(x[::2]), sum(x[1::2])))"", ""from sys import stdin,stdout\nfrom math import sqrt,gcd,ceil,floor,log2,log10,factorial,cos,acos,tan,atan,atan2,sin,asin,radians,degrees,hypot\nfrom bisect import insort, insort_left, insort_right, bisect_left, bisect_right, bisect\nfrom array import array\nfrom functools import reduce\nfrom itertools import combinations, combinations_with_replacement, permutations\nfrom fractions import Fraction\nfrom random import choice,getrandbits,randint,random,randrange,shuffle\nfrom re import compile,findall,escape\nfrom statistics import mean,median,mode\nfrom heapq import heapify,heappop,heappush,heappushpop,heapreplace,merge,nlargest,nsmallest\n\nfor test in range(int(stdin.readline())):\n    s=input()\n    l=findall(r'1+',s)\n    lengths=[len(i) for i in l]\n    lengths.sort(reverse=True)\n    alice=0\n    for i in range(0,len(lengths),2):\n        alice+=lengths[i]\n    print(alice)"", ""import sys\ninput = sys.stdin.readline\nT = int(input())\n\nfor t in range(T):\n    s = input()[:-1]\n\n    counts = []\n    current = 0\n    for c in s:\n        if c == '1':\n            current += 1\n        else:\n            counts.append(current)\n            current = 0\n    if current:\n        counts.append(current)\n\n    res = 0\n    counts = sorted(counts, reverse=True)\n    for i in range(len(counts)):\n        if 2*i >= len(counts):\n            break\n        res += counts[2*i]\n    print(res)\n"", ""import sys\nimport math\ndef II():\n\treturn int(sys.stdin.readline())\n\ndef LI():\n\treturn list(map(int, sys.stdin.readline().split()))\n\ndef MI():\n\treturn map(int, sys.stdin.readline().split())\n\ndef SI():\n\treturn sys.stdin.readline().strip()\nt = II()\nfor q in range(t):\n\ts = SI()\n\ta = []\n\tcount = 0\n\tfor i in range(len(s)):\n\t\tif s[i] == \""1\"":\n\t\t\tcount+=1\n\t\telse:\n\t\t\ta.append(count)\n\t\t\tcount = 0\n\ta.append(count)\n\ta.sort(reverse=True)\n\tprint(sum(a[0:len(a):2]))"", ""from math import *\nfrom collections import *\nfrom random import *\nfrom decimal import Decimal\nfrom heapq import *\nfrom bisect import *\nimport sys\ninput=sys.stdin.readline\nsys.setrecursionlimit(10**5)\ndef lis():\n    return list(map(int,input().split()))\ndef ma():\n    return list(map(int,input().split()))\ndef inp():\n    return int(input())\ndef st1():\n    return input().rstrip('\\n')\nt=inp()\nwhile(t):\n    t-=1\n    #n=inp()\n    a=st1()\n    oe=[]\n    c=0\n    for i in a:\n        if(i=='1'):\n            c+=1\n        else:\n            if(c!=0):\n                oe.append(c)\n                c=0\n    if(c):\n        oe.append(c)\n    s=0\n    oe.sort(reverse=True)\n    for i in range(len(oe)):\n        if(i%2==0):\n            s+=oe[i]\n    print(s)\n        \n"", ""for _ in range(int(input())):\n    s = input() + '0'\n    A = []\n    tr = False\n    x = 0\n    for i in range(len(s)):\n        if s[i] == '1':\n            if tr:\n                x += 1\n            else:\n                tr = True\n                x = 1\n        else:\n            if tr:\n                tr = False\n                A.append(x)\n    A.sort(reverse=True)\n    Ans = 0\n    for i in range(len(A)):\n        if i % 2 == 0:\n            Ans += A[i]\n    print(Ans)"", ""t = int(input())\nwhile t:\n    s = input()\n    arr = []\n    k = 0\n    for i in s:\n        if i == '1':\n            k += 1\n        else:\n            arr.append(k)\n            k = 0\n    if k:\n        arr.append(k)\n    arr.sort(reverse=True)\n    ans = 0\n    for i in range(0, len(arr), 2):\n        ans += arr[i]\n    print(ans)\n    t -= 1\n"", ""import sys\ninput = sys.stdin.readline\n\nt = int(input())\nfor _ in range(t):\n    x = input().rstrip()\n    \n    arr = []\n    \n    c = 0\n    for char in x:\n        if char=='1':\n            c+=1\n        else:\n            arr.append(c)\n            c = 0\n            \n    arr.append(c)\n    arr.sort()\n    arr.reverse()\n    \n    ans = 0\n    for i in range(0,len(arr),2):\n        ans += arr[i]\n        \n    print(ans)"", ""import sys\ninput = sys.stdin.readline\n\nt=int(input())\nfor tests in range(t):\n    S=input().strip()+\""0\""\n\n    L=[]\n\n    NOW=0\n    for s in S:\n        if s==\""0\"":\n            L.append(NOW)\n            NOW=0\n        else:\n            NOW+=1\n\n    L.sort(reverse=True)\n\n    ANS=0\n\n    for i in range(0,len(L),2):\n        ANS+=L[i]\n\n    print(ANS)\n        \n"", ""for _ in range (int(input())):\n    s=input()\n    a = []\n    flag = 0\n    count = 0\n    for i in range (len(s)):\n        if s[i]=='1':\n            count+=1\n        else:\n            a.append(count)\n            count=0\n        if i==len(s)-1 and count!=0:\n            a.append(count)\n    a.sort(reverse=True)\n    ans = 0\n    for i in range(len(a)):\n        if i%2==0:\n            ans+=a[i]\n    print(ans)"", ""for t in range(int(input())):\n\ts = input()\n\tlast = -1\n\tnum = []\n\tn = len(s)\n\tfor i in range(n):\n\t\tif (s[i] == \""0\""):\n\t\t\tif (i - last - 1 > 0):\n\t\t\t\tnum.append(i - last - 1)\n\t\t\tlast = i\n\tif (n - last - 1 > 0):\n\t\tnum.append(n - last - 1)\n\tnum = sorted(num)[::-1]\n\tans = 0\n\tfor i in range(0, len(num), 2):\n\t\tans += num[i]\n\tprint(ans)"", ""for test in range(int(input())):\n    s = input()\n    a = []\n    now = 0\n    n = len(s)\n    for i in range(n):\n        if s[i] == \""0\"":\n            if now > 0:\n                a.append(now)\n            now = 0\n        else:\n            now += 1\n    if now > 0:\n        a.append(now)\n    a.sort(reverse=True)\n    ans = 0\n    for i in range(0, len(a), 2):\n        ans += a[i]\n    print(ans)"", ""for _ in range(int(input())):\n    s = input()\n\n    ones = []\n    cnt = 0\n    for i in s:\n        if i == '1':\n            cnt += 1\n        else:\n            if cnt != 0:\n                ones.append(cnt)\n                cnt = 0\n    if cnt != 0:\n        ones.append(cnt)\n\n    ones.sort(reverse=True)\n    print(sum(ones[::2]))\n"", ""from collections import defaultdict as dd\nimport math\nimport sys\ninput=sys.stdin.readline\ndef nn():\n\treturn int(input())\n\ndef li():\n\treturn list(input())\n\ndef mi():\n\treturn list(map(int, input().split()))\n\ndef lm():\n\treturn list(map(int, input().split()))\n\ndef solve():\n\ts = input()\n\n\tsets = []\n\tstreak = 0\n\tfor i in range(len(s)):\n\t\tif s[i]=='1':\n\t\t\tstreak+=1\n\t\telse:\n\t\t\tif streak>0:\n\t\t\t\tsets.append(streak)\n\t\t\t\tstreak=0\n\tif streak>0:\n\t\tsets.append(streak)\n\t\tstreak=0\n\n\tsets.sort(reverse=True)\n\n\tprint(sum(sets[::2]))\n\n\nq=nn()\nfor _ in range(q):\n\tsolve()\n"", ""t = int(input())\n\nfor _ in range(t):\n    s = [int(i) for i in input().strip()]\n    n = len(s)\n    bckt = []\n    ct = 0\n    \n    for i in range(n):\n        if s[i]:\n            ct += 1\n        else:\n            if ct:\n                bckt.append(ct)\n                ct = 0\n    \n    if ct:\n        bckt.append(ct)\n        \n    bckt.sort(reverse=True)\n    print(sum(bckt[::2]))"", ""for i in range(int(input())):\n\tip=list(map(int,input()))\n\tones=[]\n\ttot=0\n\tfor i in ip:\n\t\tif i==1:\n\t\t\ttot+=1\n\t\telse:\n\t\t\tones.append(tot)\n\t\t\ttot=0\n\tif tot:ones.append(tot)\n\tones.sort(reverse=True)\n\tans=0\n\tfor i in range(0,len(ones),2):\n\t\tans+=ones[i]\n\tprint(ans)"", ""#BINOD\nimport math\ntest = int(input())\nfor t in range(test):\n    s = input()\n    n = len(s)\n    A = []\n    o=0\n    for i in range(n):\n        if(s[i]=='1'):\n            o+=1\n        else:\n            A.append(o)\n            o=0\n    if(s[n-1]=='1'):\n        A.append(o)\n    A.sort(reverse = True)\n    ans = 0\n    for i in range(0,len(A),2):\n        ans += A[i]\n    print(ans)\n\n\n\n\n#Binod\n"", ""for _ in range(int(input())):\n    data = list(map(int,list(input())))\n    fl = False\n    data.append(\""&\"")\n    l = 0\n    st = []\n    for i in range(len(data)):\n        if fl and data[i] == 1:\n            l+=1\n            continue\n        if fl and data[i]!=1:\n            st.append(l)\n            l = 0\n            fl = False\n            continue\n        if not fl and data[i] == 1:\n            l = 1\n            fl = True\n    st.sort(reverse=True)\n    c1 = 0\n    for i in range(0,len(st),2):\n        c1+=st[i]\n    print(c1)"", ""import math\nfrom collections import deque\nfrom sys import stdin, stdout\nfrom string import ascii_letters\ninput = stdin.readline\n#print = stdout.write\nletters = ascii_letters[:26]\n \nfor _ in range(int(input())):\n    arr = list(map(int, input().strip()))\n    lens = []\n    count = 0\n    for i in arr:\n        if i == 0:\n            if count > 0:\n                lens.append(count)\n            count = 0\n        else:\n            count += 1\n    if count > 0:\n        lens.append(count)\n    lens.sort(reverse=True)\n    res = 0\n    for i in range(0, len(lens), 2):\n        res += lens[i]\n    print(res)\n""]","[""for _ in range(int(input())):\n    s = input()\n    c, cur = [], 1\n    for i in range(1, len(s)):\n        if s[i] == s[i - 1]:\n            cur += 1\n        else:\n            c.append((s[i - 1], cur))\n            cur = 1\n    c.append((s[-1], cur))\n    ans = 0\n    for i in range(len(c)):\n        if c[i][0] == '1':\n            ans += c[i][1]\n        if c[i][0] == '0' and i + 1 < len(c) and c[i + 1][0] == '1':\n            ans += min(c[i][1], c[i + 1][1])\n    print(ans)\n    \n"", ""import sys\ninput=sys.stdin.readline\nt=int(input())\nfor i in range(t):\n    s=input().strip()\n    g=[]\n    l=1\n    for j in range(1,len(s)):\n        if s[j]==s[j-1]:\n            l+=1\n        else:\n            g.append((s[j-1],l))\n            l=1\n    g.append((s[-1],l))\n    ans=0\n    for j in range(len(g)):\n        if g[j][0]=='1':\n            ans+=g[j][1]\n        if g[j][0]=='0' and j+1<len(g) and g[j+1][0]=='1':\n            ans+=min(g[j][1],g[j+1][1])\n    print(ans)\n"", ""t = int(input())\nfor i in range(t):\n    a = input()\n    b = []\n    prev = a[0]\n    count = 1\n    for i in range(1,len(a)):\n        if a[i] == prev:\n            count += 1\n        else:\n            b.append([prev,count])\n            prev = a[i]\n            count = 1\n    b.append([prev,count])\n    maxi = 0\n    for i in range(len(b)):\n        if b[i][0] == '1':\n            maxi += b[i][1]\n        if b[i][0] == '0' and i+1 < len(b) and b[i+1][0] == '1'):\n            maxi += min(b[i][1], b[i+1][1])\n    print(maxi)"", ""def main():\n\tn = int(input())\n\tfor i in range(n):\n\t\tstring = input()\n\t\tcountone = 0\n\t\tcountzero = 0\n\t\tprev = ''\n\t\tfor s in string:\n\t\t\tif s == '1':\n\t\t\t\tif prev == '1':\n\t\t\t\t\tcountone += 1\n\t\t\t\telse:\n\t\t\t\t\tcountone += 1\n\t\t\t\t\tcountzero = 0\n\t\t\t\t\tprev = '1'\n\t\t\telse:\n\t\t\t\tif prev == '0':\n\t\t\t\t\tcountzero += 1\n\t\t\t\telse:\n\t\t\t\t\tcountzero += 1\n\t\t\t\t\tcountone = 0\n\t\t\t\t\tprev = '0'\n\t\tprint(countone)\n\nmain()"", ""t = int(input())\n\ndef form(s):\n    ss = []\n    pre = s[0]\n    cou = 0\n    for i in s:\n        if i == pre:\n            cou += 1\n        else:\n            ss.append([pre, cou])\n            pre = i\n            cou = 1\n    ss.append([pre, cou])\n    return ss\n\nfor _ in range(t):\n    s = input()\n    one = form(s)\n    two = form(s[::-1])\n    ans = 0\n    for i in one:\n        if i[0] == '1':\n            ans += i[1]\n    for i in range(len(two)-1):\n        if two[i][0] == '0' and two[i+1][0] == '1':\n            ans += min(two[i][1], two[i+1][1])\n    print(ans)\n"", ""import sys\ndef takeInt():\n\treturn(int(sys.stdin.readline()))\ndef takeStr():\n\treturn(sys.stdin.readline())\ndef takeListInt():\n\treturn(list(map(int,sys.stdin.readline().split())))\ndef printerr(var):\n\tprint(var,file=sys.stderr)\n\n\nyes=\""YES\""\nno=\""NO\""\nmod=10**9+7\n\n\ndef forma(s):\n\ttemp=[]\n\tcount=1\n\tif len(s)==1:\n\t\ttemp.append([s[0],1])\n\treturn temp\n\tfor i in range(1,len(s)):\n\t\tif s[i]==s[i-1]:\n\t\t\tcount+=1\n\t\telse:\n\t\t\ttemp.append([s[i-1],count])\n\t\t\tcount=1\n\tif count!=0:\n\t\ttemp.append([s[-1],count])\n\treturn temp\n\nnt=takeInt()\nfor k in range(nt):\n\ts=takeStr()\n\ta=forma(s)\n\tb=forma(s[::-1])\n\tans=0\n\tfor i in a:\n\t\tif i[0]=='1':\n\t\t\tans+=i[1]\n\tfor i in range(len(b)-1):\n\t\tif b[i][0]=='0' and b[i+1][0]=='1'):\n\t\t\tans+=min(b[i][1],b[i+1][1])\n\tprint(ans)        \n\n"", ""from collections import deque\n\nt = int(input())\nfor _ in range(t):\n    s = input()\n    q = deque()\n    ans = 0\n    for i in range(len(s)):\n        if not q:\n            q.append([s[i], 1])\n        else:\n            if q[-1][0] == s[i]:\n                q[-1][1] += 1\n            else:\n                q.append([s[i], 1])\n    arr = list(q)\n    print(arr)\n    for i in arr:\n        if i[0] == '1':\n            ans += i[1]\n    for i in range(len(arr) - 1):\n        if arr[i][0] == '0' and arr[i + 1][0] == '1'):\n            ans += min(arr[i][1], arr[i + 1][1])\n    print(ans)\n"", ""from collections import defaultdict\nt = int(input())\nfor _ in range(t):\n    prev = None\n    count = defaultdict(int)\n    s = input()\n    for c in s:\n        if c == prev:\n            count[c] += 1\n        else:\n            count[c] = 1\n        prev = c\n    ans = 0\n    print(count)\n    for k, v in count.items():\n        if k == \""1\"":\n            ans += v\n    print(ans)\n            \n"", ""def d():\n    return 0\n\ndef w_response_of_gamer_in_position_a(n, a):\n    a1 = []\n    c = 1\n    for i in range(1, n):\n        if a[i] == a[i-1]:\n            c += 1\n        else:\n            if a[i-1] == \""1\"":\n                a1.append(c)\n            c = 1\n    if a[-1] == \""1\"":\n        a1.append(c)\n    return a1\n\nt = int(input())\nfor i in range(t):\n    s = input()\n    a1 = w_response_of_gamer_in_position_a(len(s), s)\n    s = s[::-1]\n    a2 = w_response_of_gamer_in_position_a(len(s), s)\n    m = min(len(a1), len(a2))\n    c = 0\n    for i in range(m):\n        c += min(a1[i], a2[i])\n    print(c + sum(a1))\n    \n\n\n\n\n\n\n\n"", ""T = int(input())\nfor testcases in range(T):\n    S = input()\n    lst = []\n    cnt = 1\n    for i in range(len(S)-1):\n        if S[i] == S[i+1]:\n            cnt += 1\n        else:\n            lst.append((S[i], cnt))\n            cnt = 1\n    lst.append((S[-1], cnt))\n    \n    \n    \n    \n    \n    ans = 0\n    for i in range(len(lst)):\n        if lst[i][0] == '1':\n            ans += lst[i][1]\n        if i > 0 and lst[i][0] == '1' and lst[i-1][0] == '0':\n            ans -= min(lst[i][1], lst[i-1][1])\n    \n    print(ans)\n    \n"", ""def main():\n    \""\""\""\n    Copyright (C) Dai Zhenyang\n    \""\""\""\n    import sys\n    input = lambda: sys.stdin.readline().rstrip('\\n')\n    \n    s = input()\n\n    total = s.count('1')\n\n    ans = 0\n    cur = 0\n    for c in s:\n        if c == '1':\n            cur += 1\n            if cur * 2 > total:\n                ans += 1\n        else:\n            cur = 0\n    \n    print(ans)\n    \nmain()\n"", ""\nimport sys\ninput = sys.stdin.readline\nt = int(input())\nfor _ in range(t):\n    s = input().rstrip()\n    d = {}\n    prev = ''\n    for i in range(len(s)):\n        if s[i] == prev:\n            d[i] = d[i-1]+1\n        else:\n            d[i] = 1\n        prev = s[i]\n    cnt = 0\n    for i in d.values():\n        if i%2 == 1:\n            cnt += 1\n    print(cnt//2)\n"", ""# -*- coding: utf-8 -*-\nimport sys\n\ntestcases = int(input())\nfor t in range(testcases):\n    string = input()\n    ones = []\n    twos = []\n    one = 0\n    two = 0\n    state = 1\n    for s in string:\n        if s == '1':\n            if state == 1:\n                one += 1\n            else:\n                ones.append(min(one, two))\n                one = 1\n                state = 1\n        else:\n            if state == 0:\n                two += 1\n            else:\n                twos.append(min(one, two))\n                two = 1\n                state = 0\n    if state == 1:\n        ones.append(one)\n    else:\n        twos.append(two)\n    print(ones, twos)\n    \n"", ""t=int(input())\nfor _ in range(t):\n    n=int(input())\n    s=str(input())\n    d={}\n    for i in range(n):\n        if s[i] in d:\n            d[s[i]]+=1\n        else:\n            d[s[i]]=1\n    ans=0\n    if '1' in d:\n        if '0' in d:\n            if s[0]=='1':\n                ans=d['1']-(d['0']//2)\n            else:\n                ans=d['1']-((d['0']-1)//2)\n        else:\n            ans=d['1']\n    print (ans)\n    \n"", ""for _ in range(int(input())):\n    input()\n    s = input()\n    g = []\n    for i in range(len(s)):\n        if i == 0 or s[i] != s[i - 1]:\n            g.append([s[i], 1])\n        else:\n            g[-1][1] += 1\n    ans = 0\n    for i in range(len(g)):\n        if g[i][0] == '1':\n            ans += (g[i][1] + 1) // 2\n    print (ans)"", ""t = int(input())\nfor testcases in range(t):\n    n = int(input())\n    s = input()\n    d = {}\n    for i in range(0, n, 2):\n        if s[i] in d:\n            d[s[i]] += 1\n        else:\n            d[s[i]] = 1\n    print(d)\n    m = 10 ** 9 + 7\n    ans = 0\n    for k in d.keys():\n        ans += d[k] ** 2\n        ans %= m\n    print(ans)"", ""def dfs1(v, p):\n    siz = 1\n    mx = 0\n    for u in g[v]:\n        if u == p:\n            continue\n        x = dfs1(u, v)\n        siz += x.siz\n        mx = max(mx, x.hei)\n    x = heu[v]\n    if mx < x:\n        return bot(siz, x - 1)  # x-1\n    else:\n        return bot(siz, mx + 1)\n\nclass bot:\n    def __init__(self, siz, hei):\n        self.siz = siz\n        self.hei = hei\n\nclass tup:\n    def __init__(self, val, id):\n        self.val = val\n        self.id = id\n\ninf = float('inf')\nmod = 10 ** 9 + 7\nbrk = 10 ** 9\nspc = ' \n0123456789abcdefghijklmnopqrstuvwxyz'_+\nprecom = dict()\nup = dict()\n2d = dict()\n1d = dict()\npr = [2]\nssl = divmod(10 ** 9 + 7, 12)\n13 = 69\nidk = 256\nMAX = 10 ** 5\nMAXN = 2 * MAX\nMAXT = 100\nelt = 1000000007\nMAXR = 200\ninv2 = 500000004\nMAXLOG = 17\nYES = 'YES'\nNO = 'NO'\nsc = lambda: [int(x) for x in input().split()]\nss = lambda: [x for x in input().split()]\nosi = lambda: input().strip()\nti = lambda: int(input())\ntl = lambda: [int(x) for x in input().split()]\ntpr = lambda x: print(*x, sep='\\n')\n2pr = lambda x, y: print(*x, y, sep='\\n')\n1d = lambda x: print(*x, sep=' ')\nimp = lambda f, g: 2pr(f(), g())\nstd = lambda: imp(time, lambda: sc())\nmint = lambda x: min(x) if x else inf\ndef  irr(f):\n    try:\n        while True:\n            f().\n    except EOFError:\n        pass\ndef bit:\n    def bit_ls(n):\n        return [ls(n, i) for i in range(bit_sz(n))]\n    def bit_prt(x):\n        return '( ' + ' '.join(bit_ls(len(x)-1, i) for i in x) + ' )'\n    def bit_ls(n, k):\n        return n >> k & 1\n    def bit_sz(n):\n        return len(bin(n)) - 2\ndef st(f, sep=spc):\n    def ts():\n        return [st(x) for x in fs(sep)]\n    def fs(sep=spc):\n        return osi().split(sep)\n    def ti():\n        return int(osi())\n    def tsf():\n        return [int(x) for x in fs()]\n    def tlf():\n        return [f(x) for x in fs()]\n    def T(func):\n        def starT(n=ti, go=func):\n            for _ in range(n()):\n                go()\n        return starT\n    return [tsf, T, st, ti, ts, fs, tlf, ts]\nLB = lambda x, a: bisect.bisect_left(x, a)\nUB = lambda x, a: bisect.bisect_right(x, a)\nprm = lambda x: [p for p in range(2, x+1) if flg[p]]\nsieve = lambda x: exec(\""global flg; flg = [True]*(x+1); flg[0]=flg[1]=False; for p in range(2,int(x**0.5)+1): if flg",9
"You are given three sequences: $a_1, a_2, \ldots, a_n$; $b_1, b_2, \ldots, b_n$; $c_1, c_2, \ldots, c_n$.

For each $i$, $a_i \neq b_i$, $a_i \neq c_i$, $b_i \neq c_i$.

Find a sequence $p_1, p_2, \ldots, p_n$, that satisfy the following conditions:



 $p_i \in \{a_i, b_i, c_i\}$

 $p_i \neq p_{(i \mod n) + 1}$.

In other words, for each element, you need to choose one of the three possible values, such that no two adjacent elements (where we consider elements $i,i+1$ adjacent for $i<n$ and also elements $1$ and $n$) will have equal value.

It can be proved that in the given constraints solution always exists. You don't need to minimize/maximize anything, you need to find any proper sequence.


-----Input-----

The first line of input contains one integer $t$ ($1 \leq t \leq 100$): the number of test cases.

The first line of each test case contains one integer $n$ ($3 \leq n \leq 100$): the number of elements in the given sequences.

The second line contains $n$ integers $a_1, a_2, \ldots, a_n$ ($1 \leq a_i \leq 100$).

The third line contains $n$ integers $b_1, b_2, \ldots, b_n$ ($1 \leq b_i \leq 100$).

The fourth line contains $n$ integers $c_1, c_2, \ldots, c_n$ ($1 \leq c_i \leq 100$).

It is guaranteed that $a_i \neq b_i$, $a_i \neq c_i$, $b_i \neq c_i$ for all $i$.


-----Output-----

For each test case, print $n$ integers: $p_1, p_2, \ldots, p_n$ ($p_i \in \{a_i, b_i, c_i\}$, $p_i \neq p_{i \mod n + 1}$).

If there are several solutions, you can print any.


-----Example-----
Input
5
3
1 1 1
2 2 2
3 3 3
4
1 2 1 2
2 1 2 1
3 4 3 4
7
1 3 3 1 1 1 1
2 4 4 3 2 2 4
4 2 2 2 4 4 2
3
1 2 1
2 3 3
3 1 2
10
1 1 1 2 2 2 3 3 3 1
2 2 2 3 3 3 1 1 1 2
3 3 3 1 1 1 2 2 2 3

Output
1 2 3
1 2 1 2
1 3 4 3 2 4 2
1 3 2
1 2 3 1 2 3 1 2 3 2



-----Note-----

In the first test case $p = [1, 2, 3]$.

It is a correct answer, because:

  $p_1 = 1 = a_1$, $p_2 = 2 = b_2$, $p_3 = 3 = c_3$  $p_1 \neq p_2 $, $p_2 \neq p_3 $, $p_3 \neq p_1$ 

All possible correct answers to this test case are: $[1, 2, 3]$, $[1, 3, 2]$, $[2, 1, 3]$, $[2, 3, 1]$, $[3, 1, 2]$, $[3, 2, 1]$.

In the second test case $p = [1, 2, 1, 2]$.

In this sequence $p_1 = a_1$, $p_2 = a_2$, $p_3 = a_3$, $p_4 = a_4$. Also we can see, that no two adjacent elements of the sequence are equal.

In the third test case $p = [1, 3, 4, 3, 2, 4, 2]$.

In this sequence $p_1 = a_1$, $p_2 = a_2$, $p_3 = b_3$, $p_4 = b_4$, $p_5 = b_5$, $p_6 = c_6$, $p_7 = c_7$. Also we can see, that no two adjacent elements of the sequence are equal.","[""import sys\nimport random\nfrom fractions import Fraction\nfrom math import *\n \ndef input():\n    return sys.stdin.readline().strip()\n \ndef iinput():\n    return int(input())\n\ndef finput():\n    return float(input())\n\ndef tinput():\n    return input().split()\n\ndef linput():\n    return list(input())\n \ndef rinput():\n    return list(map(int, tinput()))\n\ndef fiinput():\n    return list(map(float, tinput()))\n \ndef rlinput():\n    return list(map(int, input().split()))\ndef trinput():\n    return tuple(rinput())\n\ndef srlinput():\n    return sorted(list(map(int, input().split())))\n\ndef NOYES(fl):\n    if fl:\n        print(\""NO\"")\n    else:\n        print(\""YES\"")\ndef YESNO(fl):\n    if fl:\n        print(\""YES\"")\n    else:\n        print(\""NO\"")\n    \ndef main():\n    n = iinput()\n    #k = iinput() \n    #m = iinput() \n    #n = int(sys.stdin.readline().strip()) \n    #n, k = rinput()\n    #n, m = rinput()\n    #m, k = rinput()\n    #n, k, m = rinput()\n    #n, m, k = rinput()\n    #k, n, m = rinput()\n    #k, m, n = rinput() \n    #m, k, n = rinput()\n    #m, n, k = rinput()\n    q = [rlinput(), rlinput(), rlinput()]\n    #q = linput()\n    ans = q[0].copy()\n    for i in range(1, n):\n        if ans[i] == ans[i - 1]:\n            ans[i] = q[1][i]\n        if i == n - 1:\n            o = 0\n            while q[o][i] == ans[n - 2] or q[o][i] == ans[0]:\n                o += 1\n            ans[i] = q[o][i]\n    print(*ans)\n\n        \n\n            \n        \n    \n                \n    \n    \n    \n            \n    \n        \n    \n\nfor i in range(iinput()):\n    main()\n"", ""for _ in range(int(input())):\n  n=int(input())\n  a=list(map(int,input().split()))\n  b=list(map(int,input().split()))\n  c=list(map(int,input().split()))\n  p=a\n  for i in range(n):\n    if p[i]==p[(i+1)%n]:\n      if p[i]!=b[i] and p[(i-1)%n]!=b[i]:p[i]=b[i]\n      else:p[i]=c[i]\n  print(*p)"", ""for __ in range(int(input())):\n    n = int(input())\n    ar1 = list(map(int, input().split()))\n    ar2 = list(map(int, input().split()))\n    ar3 = list(map(int, input().split()))\n    ans = [ar1[0]]\n    for i in range(1, n - 1):\n        if ar1[i] != ans[-1]:\n            ans.append(ar1[i])\n        elif ar2[i] != ans[-1]:\n            ans.append(ar2[i])\n        elif ar3[i] != ans[-1]:\n            ans.append(ar3[i])\n    if ar1[-1] != ans[-1] and ar1[-1] != ans[0]:\n        ans.append(ar1[-1])\n    elif ar2[-1] != ans[-1] and ar2[-1] != ans[0]:\n        ans.append(ar2[-1])\n    elif ar3[-1] != ans[-1] and ar3[-1] != ans[0]:\n        ans.append(ar3[-1])\n    print(*ans)"", ""T = int(input())\n\nfor t in range(T):\n    N = int(input())\n    A = [int(_) for _ in input().split()]\n    B = [int(_) for _ in input().split()]\n    C = [int(_) for _ in input().split()]\n\n    R = []\n\n    for i in range(N):\n        if i == 0:\n            R.append(A[i])\n            continue\n        if i == N-1:\n            if A[i] != R[0] and A[i] != R[-1]:\n                R.append(A[i])\n            elif B[i] != R[0] and B[i] != R[-1]:\n                R.append(B[i])\n            else:\n                R.append(C[i])\n            continue\n\n        if A[i] != R[-1]:\n            R.append(A[i])\n        else:\n            R.append(B[i])\n\n    print(' '.join(map(str, R)))\n"", ""gans = []\nfor _ in range(int(input())):\n    n = int(input())\n    a = list(map(int, input().split()))\n    b = list(map(int, input().split()))\n    c = list(map(int, input().split()))\n    ans = [a[0]]\n    for i in range(1, n - 1):\n        if a[i] != ans[i - 1]:\n            ans.append(a[i])\n        else:\n            ans.append(b[i])\n    if a[-1] != ans[-1] and a[-1] != ans[0]:\n        ans.append(a[-1])\n    elif b[-1] != ans[-1] and b[-1] != ans[0]:\n        ans.append(b[-1])\n    else:\n        ans.append(c[-1])\n    gans.append(' '.join(map(str, ans)))\nprint('\\n'.join(gans))\n"", ""from math import *\nfrom bisect import *\nfrom collections import *\nfrom random import *\nfrom decimal import *\nimport sys\ninput=sys.stdin.readline\ndef inp():\n    return int(input())\ndef st():\n    return input().rstrip('\\n')\ndef lis():\n    return list(map(int,input().split()))\ndef ma():\n    return list(map(int,input().split()))\nt=inp()\nwhile(t):\n    t-=1\n    n=inp()\n    a=lis()\n    b=lis()\n    c=lis()\n    r=[a[0]]\n    for i in range(1,n):\n        if(i==n-1):\n            if(a[i]!=r[0] and a[i]!=r[-1]):\n                r.append(a[i])\n                continue\n            if(b[i]!=r[0] and b[i]!=r[-1]):\n                r.append(b[i])\n                continue\n            if(c[i]!=r[0] and c[i]!=r[-1]):\n                r.append(c[i])\n                continue\n        if(a[i]!=r[-1]):\n            r.append(a[i])\n            continue\n        if(b[i]!=r[-1]):\n            r.append(b[i])\n            continue\n        if(c[i]!=r[-1]):\n            r.append(c[i])\n            continue\n    print(*r)\n        \n        \n        \n""]","[""for _ in range(int(input())):\n    n = int(input())\n    a = list(map(int, input().split()))\n    b = list(map(int, input().split()))\n    c = list(map(int, input().split()))\n    p = []\n    for i in range(n):\n        if i == 0:\n            p.append(a[i])\n        elif i == n - 1:\n            if p[i - 1] != b[i]:\n                p.append(b[i])\n            else:\n                p.append(c[i])\n        else:\n            if p[i - 1] != b[i]:\n                p.append(b[i])\n            else:\n                p.append(a[i]) if p[i - 1] != a[i] else p.append(c[i])\n    print(*p)\n"", ""\n\n\n"", ""n = int(input())\n\n\ndef check(p, a, b, n):\n    for i in range(0, n):\n        if p[i] != a[i] and p[i] != b[i]:\n            return False\n    return True\n\n\nfor caso in range(0, n):\n    m = int(input())\n    a = list(map(int, input().split()))\n    b = list(map(int, input().split()))\n    c = list(map(int, input().split()))\n    p = [0 for i in range(0, m)]\n    p[0] = a[0]\n    for i in range(1, m):\n        if i != m - 1:\n            if p[i - 1] != a[i]:\n                p[i] = a[i]\n            elif p[i - 1] != b[i]:\n                p[i] = b[i]\n            else:\n                p[i] = c[i]\n        else:\n            if p[i - 1] != a[i] and b[i] != a[0]:\n                p[i] = a[i]\n            elif p[i - 1] != b[i] and a[0] != b[i]:\n                p[i] = b[i]\n            else:\n                p[i] = c[i]\n    print(*p)\n"", ""n=int(input())\nfor i in range(n):\n    N=int(input())\n    A=list(map(int,input().split()))\n    B=list(map(int,input().split()))\n    C=list(map(int,input().split()))\n    l=[(0,0)]*N\n    l[0]=(A[0],B[0])\n    for i in range(1,N-1):\n        var=(l[i-1][0],l[i-1][1],A[i],B[i])\n        l[i]=var.index(min(var))+1,1+var.index(max(var))\n    i=N-1\n    var=(l[i-1][0],l[i-1][1],A[i],B[i],C[i])\n    l[i]=var.index(min(var))+1,1+var.index(max(var))\n    for i in l:\n        print(A[i[0]-1],end=' ')\n    print()"", ""for _ in range(int(input())):\n    n = int(input())\n    a = list(map(int, input().split()))\n    b = list(map(int, input().split()))\n    c = list(map(int, input().split()))\n    ans = [0] * n\n    if n == 3:\n        if a[0] != b[0] and a[0] != c[0] and b[0] != c[0]:\n            ans[0] = a[0]\n        else:\n            if a[0] != b[0]:\n                ans[0] = a[0]\n            else:\n                ans[0] = c[0]\n        if ans[0] != a[1] and ans[0] != b[1]:\n            ans[1] = c[1]\n        else:\n            ans[1] = a[1]\n        if ans[1] != a[2] and ans[1] != b[2]:\n            ans[2] = c[2]\n        else:\n            ans[2] = a[2]\n    else:\n        for i in range(1, n):\n            if i == n - 1:\n                if ans[i - 1] != a[i] and ans[0] != a[i]:\n                    ans[i] = a[i]\n                elif ans[i - 1] != b[i] and ans[0] != b[i]:\n                    ans[i] = b[i]\n                else:\n                    ans[i] = c[i]\n            else:\n                if ans[i - 1] != a[i]:\n                    ans[i] = a[i]\n                elif ans[i - 1] != b[i]:\n                    ans[i] = b[i]\n                else:\n                    ans[i] = c[i]\n    print(*ans)"", ""# from collections import deque\nimport sys\ninput = lambda: sys.stdin.readline().rstrip()\nfor _ in range(int(input())):\n    n = int(input())\n    a = list(map(int, input().split()))\n    b = list(map(int, input().split()))\n    c = list(map(int, input().split()))\n    d = [0] * n\n    d[0] = a[0]\n    for i in range(1, n):\n        if i == n-1:\n            if d[i-1] != b[i] and d[0] != b[i]:\n                d[i] = b[i]\n            elif d[i-1] != c[i] and d[0] != c[i]:\n                d[i] = c[i]\n            else:\n                d[i] = a[i]\n        else:\n            if d[i-1] != b[i]:\n                d[i] = b[i]\n            elif d[i-1] != c[i]:\n                d[i] = c[i]\n            else:\n                d[i] = a[i]\n    print(*d)"", ""for _ in range(int(input())):\n    n = int(input())\n    A = list(map(int, input().split()))\n    B = list(map(int, input().split()))\n    C = list(map(int, input().split()))\n    P = [0] * n\n    P[0] = A[0]\n    for i in range(1, n):\n        if i == n - 1:\n            if P[i - 1] != A[i] and P[0] != A[i]:\n                P[i] = A[i]\n            elif P[i - 1] != B[i] and P[0] != B[i]:\n                P[i] = B[i]\n            else:\n                P[i] = C[i]\n        else:\n            if P[i - 1] != A[i]:\n                P[i] = A[i]\n            elif P[i - 1] != B[i]:\n                P[i] = B[i]\n            else:\n                P[i] = C[i]\n    print(*P)"", ""for _ in range(int(input())):\n\tn = int(input())\n\ta = list(map(int, input().split()))\n\tb = list(map(int, input().split()))\n\tc = list(map(int, input().split()))\n\tans = [0 for i in range(n)]\n\tans[0] = a[0]\n\tfor i in range(1, n):\n\t\tif i == n-1:\n\t\t\tif ans[i-1] != a[i] and ans[0] != a[i]:\n\t\t\t\tans[i] = a[i]\n\t\t\telif ans[i-1] != b[i] and ans[0] != b[i]:\n\t\t\t\tans[i] = b[i]\n\t\t\telse:\n\t\t\t\tans[i] = c[i]\n\t\telse:\n\t\t\tif ans[i-1] != a[i]:\n\t\t\t\tans[i] = a[i]\n\t\t\telif ans[i-1] != b[i]:\n\t\t\t\tans[i] = b[i]\n\t\t\telse:\n\t\t\t\tans[i] = c[i]\n\tprint(*ans)"", ""#!/usr/bin/env python3\n\nimport sys\ndef stdin():\n    return (line.strip() for line in sys.stdin.readlines())\n\ndef choose(d, x, y):\n    return d[x] if d[x] != y else d[y]\n\ndef main()\n    n, = li()\n    a = li()\n    b = li()\n    c = li()\n    p = [a[0]] + [0] * (n - 1)\n    for i in range(1, n):\n        if i == n - 1:\n            p[i] = choose((b[i], c[i]), p[0])\n        else:\n            p[i] = choose((b[i], c[i]), p[i - 1])\n    print(' '.join(map(str, p)))\n\nfor line in stdin():\n    main()\n"", ""import sys\ninput = sys.stdin.readline\ndef choose(x,y,z):\n    if(x!=y and x!=z):\n        return x\n    elif(y!=x and y!=z):\n        return y\n    else:\n        return z\n\nt = int(input())\nfor _ in range(t):\n    n = int(input())\n    a = list(map(int,input().split()))\n    b = list(map(int,input().split()))\n    c = list(map(int,input().split()))\n    ans = [0]*n\n    ans[0] = a[0]\n    for i in range(1,n):\n        if(i == n-1):\n            ans[i] = choose(b[i],c[i],ans[0])\n        else:\n            ans[i] = choose(b[i],c[i],ans[i-1])\n    print(*ans)"", ""from sys import stdin\n\n\ndef read_ints():\n    return [int(x) for x in stdin.readline().split()]\n\nt = int(stdin.readline())\nfor case in range(t):\n    n = int(stdin.readline())\n    a = read_ints()\n    b = read_ints()\n    c = read_ints()\n    if n == 3:\n        res = [a[0], b[1], c[2]]\n        if res[1] == res[2]:\n            res[1] = b[1] if b[1] != res[0] else c[1]\n        if res[0] == res[2]:\n            res[2] = b[2] if b[2] != res[1] else c[2]\n    else:\n        res = [a[0]]\n        for i in range(1, n):\n            p = [x for x in [b[i], c[i]] if x != res[-1]]\n            if i != n - 1:\n                res.append(p[0])\n            else:\n                p.append(a[i])\n                res.append(p[0] if p[0] != res[0] else p[1])\n    print(*res)"", ""t = int(input())\nfor _ in range(t):\n    n = int(input())\n    a = list(map(int, input().split(' ')))\n    b = list(map(int, input().split(' ')))\n    c = list(map(int, input().split(' ')))\n    ab = [0] * n\n    for i in range(n):\n        ab[i] = (a[i], b[i])\n    ans = [0] * n\n    if n == 3:\n        i = 2\n        pre = 0\n    else:\n        i = 0\n        pre = a[0]\n    while i < n:\n        if i == n - 1:\n            x = (pre,)\n            if b[i] != c[i]:\n                x += (b[i], c[i])\n            else:\n                x += (b[i],)\n        else:\n            x = (pre,)\n            if ab[i][0] != ab[i][1]:\n                x += ab[i]\n            else:\n                x += (ab[i][0],)\n        ans[i] = x[0]\n        ans[i + 1] = x[1]\n        ans[i + 2] = x[2]\n        pre = x[2]\n        i += 3\n    print(*ans)"", ""t = int(input())\nfor _ in range(t):\n    n = int(input())\n    a = tuple(map(int, input().split()))\n    b = tuple(map(int, input().split()))\n    c = tuple(map(int, input().split()))\n    ans = [None] * n\n    for i, x in enumerate((a, b, c)):\n        if x[i] != y[i - 1] and x[i] != y[(i + 1) % n]:\n            ans[i] = x[i]\n    for i in range(n):\n        if ans[i] is None:\n            for y in (a, b, c):\n                if y[i] != ans[i - 1] and y[i] != ans[(i + 1) % n]:\n                    ans[i] = y[i]\n                    break\n    print(*ans)"", ""for _ in range(0, int(input())):\n    n = int(input())\n    a = list(map(int, input().split()))\n    b = list(map(int, input().split()))\n    c = list(map(int, input().split()))\n\n    dp = [0 for i in range(n)]\n    if a[0] != b[0]:\n        dp[0] = a[0]\n    else:\n        dp[0] = c[0]\n    for i in range(1, n-1):\n        if a[i] != b[i]:\n            temp = [a[i], b[i]]\n        else:\n            temp = [a[i], c[i]]\n        if dp[i-1] not in temp:\n            dp[i] = temp[0]\n        else:\n            dp[i] = temp[1]\n    i = n-1\n    if dp[i-1] != a[i] and dp[0] != a[i]:\n        dp[i] = a[i]\n    elif dp[i-1] != b[i] and dp[0] != b[i]:\n        dp[i] = b[i]\n    else:\n        dp[i] = c[i]\n    print(*dp)"", ""for _ in range(int(input())):\n    n = int(input())\n    a = list(map(int, input().split()))\n    b = list(map(int, input().split()))\n    c = list(map(int, input().split()))\n\n    res = [0 for i in range(n)]\n    if n == 3:\n        if a[0] != b[0] and a[0] != c[0]:\n            res[0] = a[0]\n        elif b[0] != a[0] and b[0] != c[0]:\n            res[0] = b[0]\n        else:\n            res[0] = c[0]\n        if res[0] != a[1] and res[0] != b[1]:\n            res[1] = c[1]\n        elif res[0] != a[1] and res[0] != c[1]:\n            res[1] = b[1]\n        else:\n            res[1] = a[1]\n        if res[1] != a[2] and res[1] != b[2]:\n            res[2] = c[2]\n        elif res[1] != a[2] and res[1] != c[2]:\n            res[2] = b[2]\n        else:\n            res[2] = a[2]\n\n    else:\n        for i in range(n):\n            if i == 0:\n                res[i] = a[i]\n\n            elif i == n-1:\n                if res[i-1] != a[i] and res[0] != a[i]:\n                    res[i] = a[i]\n                elif res[i-1] != b[i] and res[0] != b[i]:\n                    res[i] = b[i]\n                else:\n                    res[i] = c[i]\n            else:\n                if res[i-1] != a[i]:\n                    res[i] = a[i]\n                elif res[i-1] != b[i]:\n                    res[i] = b[i]\n                else:\n                    res[i] = c[i]\n    print(*res)\n"", ""for _ in range(int(input())):\n    n=int(input())\n    a=list(map(int, input().split()))\n    b=list(map(int, input().split()))\n    c",2
